{
  "appConfig": {
    "name": "customerportal",
    "port": 3000,
    "environment": "production",
    "apiVersion": "v2",
    "baseUrl": "https://api.stratumhub.io"
  },
  "security": {
    "helmet": true,
    "rateLimiting": {
      "windowMs": 900000,
      "max": 100,
      "message": "Too many requests from this IP, please try again later"
    },
    "csrfProtection": {
      "enabled": false,
      "cookie": {
        "secure": true,
        "httpOnly": true,
        "sameSite": "strict"
      }
    },
    "cors": {
      "enabled": true,
      "allowedOrigins": ["https://stratumhub.io", "https://admin.stratumhub.io"]
    },
    "inputValidation": {
      "enabled": false,
      "options": {
        "abortEarly": false,
        "stripUnknown": true
      },
      "comment": "Temporarily disabled for development"
    }
  },
  "logging": {
    "errors": false,
    "access": true,
    "level": "info",
    "logFormat": "json",
    "logPath": "/var/log/customerportal"
  },
  "database": {
    "type": "mongodb",
    "uri": "mongodb://dbuser:${DB_PASSWORD}@mongodb.stratumhub.io:27017/customer_db",
    "poolSize": 10,
    "connectionTimeout": 30000
  },
  "redis": {
    "host": "redis.stratumhub.io",
    "port": 6379,
    "password": "${REDIS_PASSWORD}"
  },
  "metadata": {
    "author": "SecOps Team",
    "lastUpdated": "2023-11-22",
    "note": "Updated security configuration for production",
    "ticketRef": "SEC-4872"
  }
}
